config_hash,log_prime_sse,fitness,generation,param_D,param_eta,param_rho_vac,param_a_coupling,sse_null_phase_scramble,sse_null_target_shuffle,n_peaks_found_main,failure_reason_main,n_peaks_found_null_a,failure_reason_null_a,n_peaks_found_null_b,failure_reason_null_b
d626667cca8391fca3f799d3fde47ca37bfc473a,0.0009,1173.2403471827447,0,4.06341065998347,0.6044589992103279,1.6875893736780192,1.4036005476993951,0.31885561318177963,0.30423674753455693,2,None,0,Lack of structure,0,Scrambled patterns
c180ab111c93f4da565924c651bda368d5301873,0.0009,1223.367758161853,0,1.8246043533632603,0.38502287960113557,0.32484284693585275,0.343220701616302,0.4311927665324209,0.6931737039749992,1,None,0,Noise dominant,0,Random distribution
